imageName;number
10_Wasserscheide.jpg;0
11_Regenbogen.jpg;1
12_Blick_in_den_Himmel.jpg;2
13_Zelt.jpg;3
14_Mitternachtssonne_Ausblick.jpg;4
15_Schreiende_Seemoeve.jpg;5
16_Wasserfall.jpg;6
17_Biker_ueber_dem_Nebelmeer.jpg;7
18_Baumstruktur.jpg;8
19_Sonnenaufgang_Zuerichsee.jpg;9
1_Hund.jpg;10
20_Langlauf.jpg;11
21_Wasserspiegelung.jpg;12
22_Aufbrechendes_Eis.jpg;13
23_Klavierhaende.jpg;14
24_Sonnenschirme.jpg;15
25_Baer.jpg;16
26_Steg.jpg;17
27_Steg_mit_Fischer.jpg;18
28_Heimat.jpg;19
29_Sonnenaufgang_ueber_dem_Nebelmeer.jpg;20
2_Spuren_im_Sand.jpg;21
30_Biene.jpg;22
31_Tanzen.jpg;23
32_Blume_von_oben.jpg;24
33_Karrussel.jpg;25
34_Paar_mit_Kuh_im_Sonnenuntergang.jpg;26
35_Geld.jpg;27
36_Grosser_Mythen.jpg;28
37_Hund_vor_Refugio.jpg;29
38_Gipfelkreuz.jpg;30
39_Weg_zum_Gipfel.jpg;31
3_Weg_and_der_Kueste.jpg;32
40_Skihuette_in_der_blauen_Stunde.jpg;33
41_Snowboarder.jpg;34
42_Kerzen.jpg;35
43_Marathonlaeufer.jpg;36
44_Schwan.jpg;37
45_Mann_mit_Kind_an_der_Hand.jpg;38
46_Ballon_und_Feuer_von_unten.jpg;39
47_Farbtuben.jpg;40
48_Flieger_in_der_Luft.jpg;41
49_Wegweiser.jpg;42
4_Karte_Lesen.jpg;43
50_Sonne_bricht_durch.jpg;44
51_Blumen.jpg;45
52_Laueferin_rennt_in_Nebel_und_Sonne.jpg;46
53_Sonne_in_der_Baumkrone.jpg;47
54_Katze.jpg;48
55_Windsurfer.jpg;49
56_Segler.jpg;50
57_Mann_liest_Buch.jpg;51
58_Kinder_spielen_Fussball.jpg;52
59_Pferderennen.jpg;53
5_Blick_in_die_Ferne_an_der_Kueste.jpg;54
60_Yin_und_Yang_Pflanze.jpg;55
61_Surfer.jpg;56
62_Schmetterling.jpg;57
63_Leopard.jpg;58
64_Mann_und_Frau.jpg;59
65_Rennwagen.jpg;60
66_Lokomotive.jpg;61
67_Greiffensee_mit_Boot.jpg;62
6_Pferd.jpg;63
7_Surfboy.jpg;64
8_Sonnenuntergang_am_Strand.jpg;65
9_Vogel.jpg;66
abstrakt-mv-01_23_Klavierhaende.jpg;67
abstrakt-mv-02_47_Farbtuben.jpg;68
abstrakt-pixabay-12_buddha.jpg;69
abstrakt-pixabay-4_schach.jpg;70
abstrakt-pixabay-5_feuerwerk.jpg;71
abstrakt-pixabay-7_haende.jpg;72
abstrakt-pixabay-9_glasfenster.jpg;73
erwachsene-mv-01_DSCF7623.jpg;74
erwachsene-pixabay-01_gipfel1.jpg;75
erwachsene-pixabay-03_orchester.jpg;76
erwachsene-pixabay-04_cliffhanger.jpg;77
erwachsene-pixabay-11_paar.jpg;78
fortbewegung-mv-fr02_17_Biker_ueber_dem_Nebelmeer.jpg;79
fortbewegung-mv-lu01_48_Flieger_in_der_Luft.jpg;80
fortbewegung-mv-wa02_56_Segler.jpg;81
fortbewegung-mv-xd01_1U2A5839.jpg;82
fortbewegung-pixabay-au01_cockpit.jpg;83
fortbewegung-pixabay-au05_vwbus.jpg;84
fortbewegung-pixabay-au06_fiat500.jpg;85
fortbewegung-pixabay-au07_lotus.jpg;86
fortbewegung-pixabay-au08_cuba.jpg;87
fortbewegung-pixabay-fr02_mtb.jpg;88
fortbewegung-pixabay-fr03_desert.jpg;89
fortbewegung-pixabay-lu02_military_jets.jpg;90
fortbewegung-pixabay-lu03_delta.jpg;91
fortbewegung-pixabay-lu04_hotair.jpg;92
fortbewegung-pixabay-lu05_spaceshuttle.jpg;93
fortbewegung-pixabay-mr01_familie.jpg;94
fortbewegung-pixabay-mr04_racer.jpg;95
fortbewegung-pixabay-pf01_reiterin.jpg;96
fortbewegung-pixabay-pf02_cowboy.jpg;97
fortbewegung-pixabay-sr03_skater_sonne.jpg;98
fortbewegung-pixabay-wa02_sailboat.jpg;99
fortbewegung-pixabay-wa03_raddampfer.jpg;100
fortbewegung-pixabay-wa04_surfer.jpg;101
fortbewegung-pixabay-wa06_kayak.jpg;102
fortbewegung-pixabay-xd04_team.jpg;103
fortbewegung-pixabay-zf03_laeuferin.jpg;104
kinder-pixabay-1_feldstecher.jpg;105
kinder-pixabay-2_junge_blau.jpg;106
kinder-pixabay-6_junge_ballon.jpg;107
kinder-pixabay-7_maedchen_farbe.jpg;108
kinder-pixabay-8_maedchen_bank.jpg;109
kinder-pixabay-9_maedchen_lachen.jpg;110
landschaft-mv-01_40_Skihuette_in_der_blauen_Stunde.jpg;111
landschaft-mv-02_13_Zelt.jpg;112
landschaft-mv-03_14_Mitternachtssonne_Ausblick.jpg;113
landschaft-mv-04_33_Karrussel.jpg;114
landschaft-mv-05_36_Grosser_Mythen.jpg;115
landschaft-mv-06_8_Sonnenuntergang_am_Strand.jpg;116
landschaft-pixabay-1_berge_blau.jpg;117
landschaft-pixabay-2_bluebells.jpg;118
landschaft-pixabay-3_sonnenaufgang.jpg;119
landschaft-pixabay-4_park_bank.jpg;120
landschaft-pixabay-5_steinbruecke.jpg;121
nahrungsmittel-pixabay-02_orangen.jpg;122
nahrungsmittel-pixabay-03_teezeremonie.jpg;123
nahrungsmittel-pixabay-04_grill.jpg;124
nahrungsmittel-pixabay-05_trauben.jpg;125
nahrungsmittel-pixabay-06_tomaten.jpg;126
nahrungsmittel-pixabay-07_aprikosen.jpg;127
nahrungsmittel-pixabay-08_trauben_blau.jpg;128
natur-mv-01_30_Biene.jpg;129
natur-pixabay-01_sonnenblume1.jpg;130
natur-pixabay-03_lila.jpg;131
natur-pixabay-04_schmetterling.jpg;132
natur-pixabay-06_fliegenpilz.jpg;133
relax-pixabay-01_wellness.jpg;134
relax-pixabay-02_auf_bus.jpg;135
relax-pixabay-03_im_gras.jpg;136
tiere-mv-01_63_Leopard.jpg;137
tiere-pixabay-10_wild.jpg;138
tiere-pixabay-11_baer.jpg;139
tiere-pixabay-1_eagle.jpg;140
tiere-pixabay-3_eule.jpg;141
tiere-pixabay-5_hund_schulter.jpg;142
tiere-pixabay-6_loewe.jpg;143
tiere-pixabay-7_vogel_beeren.jpg;144
tiere-pixabay-8_zwei_hunde.jpg;145
tiere-pixabay-9_katze_ruecken.jpg;146
